{"metadata": { "sensorId": 5578, "type": "temperature" }, "timestamp": "2021-05-18T00:00:00.000Z", "temp": 10}
{"metadata": { "sensorId": 5578, "type": "temperature" }, "timestamp": "2021-05-18T02:00:00.000Z", "temp": 11}
{"metadata": { "sensorId": 5578, "type": "temperature" }, "timestamp": "2021-05-18T04:00:00.000Z", "temp": 11}
{"metadata": { "sensorId": 5578, "type": "temperature" }, "timestamp": "2021-05-18T06:00:00.000Z", "temp": 12}
{"metadata": { "sensorId": 5578, "type": "temperature" }, "timestamp": "2021-05-18T08:00:00.000Z", "temp": 14}
{"metadata": { "sensorId": 5578, "type": "temperature" }, "timestamp": "2021-05-18T10:00:00.000Z", "temp": 16}
{"metadata": { "sensorId": 5578, "type": "temperature" }, "timestamp": "2021-05-18T12:00:00.000Z", "temp": 18}
{"metadata": { "sensorId": 5578, "type": "temperature" }, "timestamp": "2021-05-18T14:00:00.000Z", "temp": 14}
{"metadata": { "sensorId": 5578, "type": "temperature" }, "timestamp": "2021-05-18T18:00:00.000Z", "temp": 12}
{"metadata": { "sensorId": 5578, "type": "temperature" }, "timestamp": "2021-05-18T20:00:00.000Z", "temp": 11}
{"metadata": { "sensorId": 5578, "type": "temperature" }, "timestamp": "2021-05-18T20:00:00.000Z", "temp": 11}
{"metadata": { "sensorId": 5578, "type": "temperature" }, "timestamp": "2021-05-18T22:00:00.000Z", "temp": 10}
